feature,tp1,tp2,group,mean_delta,transition,scenario
wake_bp_delta,3m,4m,WT,0.06832319066080056,3mâ†’4m,A
wake_bp_delta,3m,4m,KO,-0.050141236016105595,3mâ†’4m,A
wake_bp_delta,4m,6m,WT,0.2912122746696616,4mâ†’6m,A
wake_bp_delta,4m,6m,KO,0.42634808057271406,4mâ†’6m,A
wake_bp_delta,6m,7m,WT,-0.41260581068611685,6mâ†’7m,A
wake_bp_delta,6m,7m,KO,-0.283725975481328,6mâ†’7m,A
wake_bp_delta,7m,9m,WT,-0.11657974590254544,7mâ†’9m,A
wake_bp_delta,7m,9m,KO,-0.5102278393221155,7mâ†’9m,A
wake_bp_delta,9m,12m,WT,0.4522650822593672,9mâ†’12m,A
wake_bp_delta,9m,12m,KO,0.1413734335206761,9mâ†’12m,A
wake_bp_theta,3m,4m,WT,-0.03567999353993022,3mâ†’4m,A
wake_bp_theta,3m,4m,KO,0.017749727913127587,3mâ†’4m,A
wake_bp_theta,4m,6m,WT,0.03175601610306322,4mâ†’6m,A
wake_bp_theta,4m,6m,KO,0.04159980623873105,4mâ†’6m,A
wake_bp_theta,6m,7m,WT,-0.024345035317489806,6mâ†’7m,A
wake_bp_theta,6m,7m,KO,-0.07685128621721321,6mâ†’7m,A
wake_bp_theta,7m,9m,WT,-0.03039574987182203,7mâ†’9m,A
wake_bp_theta,7m,9m,KO,-0.1340059769081929,7mâ†’9m,A
wake_bp_theta,9m,12m,WT,0.1452539624617174,9mâ†’12m,A
wake_bp_theta,9m,12m,KO,0.033866558405516896,9mâ†’12m,A
wake_bp_alpha,3m,4m,WT,-0.016916443570925782,3mâ†’4m,A
wake_bp_alpha,3m,4m,KO,0.030152750010748436,3mâ†’4m,A
wake_bp_alpha,4m,6m,WT,0.013491937585929769,4mâ†’6m,A
wake_bp_alpha,4m,6m,KO,0.0008033712559627779,4mâ†’6m,A
wake_bp_alpha,6m,7m,WT,-0.008689020509478309,6mâ†’7m,A
wake_bp_alpha,6m,7m,KO,-0.05831426685711458,6mâ†’7m,A
wake_bp_alpha,7m,9m,WT,-0.014108099006992829,7mâ†’9m,A
wake_bp_alpha,7m,9m,KO,-0.06811517620957627,7mâ†’9m,A
wake_bp_alpha,9m,12m,WT,0.08111710043667013,9mâ†’12m,A
wake_bp_alpha,9m,12m,KO,0.012509659195811077,9mâ†’12m,A
wake_bp_beta,3m,4m,WT,-0.022927289052724485,3mâ†’4m,A
wake_bp_beta,3m,4m,KO,0.11948308397344604,3mâ†’4m,A
wake_bp_beta,4m,6m,WT,0.01657185217312607,4mâ†’6m,A
wake_bp_beta,4m,6m,KO,-0.09620162271374963,4mâ†’6m,A
wake_bp_beta,6m,7m,WT,-0.004749275253933797,6mâ†’7m,A
wake_bp_beta,6m,7m,KO,-0.08321384966330016,6mâ†’7m,A
wake_bp_beta,7m,9m,WT,-0.02041056862132685,7mâ†’9m,A
wake_bp_beta,7m,9m,KO,-0.07487291890891648,7mâ†’9m,A
wake_bp_beta,9m,12m,WT,0.09825087567014239,9mâ†’12m,A
wake_bp_beta,9m,12m,KO,0.011612952583653679,9mâ†’12m,A
wake_bp_gamma,3m,4m,WT,0.0036129542929476816,3mâ†’4m,A
wake_bp_gamma,3m,4m,KO,0.07359039915865509,3mâ†’4m,A
wake_bp_gamma,4m,6m,WT,-0.007319386487287957,4mâ†’6m,A
wake_bp_gamma,4m,6m,KO,-0.020490775620924277,4mâ†’6m,A
wake_bp_gamma,6m,7m,WT,-0.005804038050691743,6mâ†’7m,A
wake_bp_gamma,6m,7m,KO,-0.06854051042496741,6mâ†’7m,A
wake_bp_gamma,7m,9m,WT,-0.011939678461378693,7mâ†’9m,A
wake_bp_gamma,7m,9m,KO,-0.020018108460815122,7mâ†’9m,A
wake_bp_gamma,9m,12m,WT,0.09801703297103381,9mâ†’12m,A
wake_bp_gamma,9m,12m,KO,0.010956467573315434,9mâ†’12m,A
wake_rbp_delta,3m,4m,WT,0.11832441814804814,3mâ†’4m,A
wake_rbp_delta,3m,4m,KO,0.0006778684685833161,3mâ†’4m,A
wake_rbp_delta,4m,6m,WT,-0.08912281869026308,4mâ†’6m,A
wake_rbp_delta,4m,6m,KO,0.0361869025472722,4mâ†’6m,A
wake_rbp_delta,6m,7m,WT,-0.06112769864267377,6mâ†’7m,A
wake_rbp_delta,6m,7m,KO,0.002238183356455555,6mâ†’7m,A
wake_rbp_delta,7m,9m,WT,0.01656931071712442,7mâ†’9m,A
wake_rbp_delta,7m,9m,KO,-0.06565124651413974,7mâ†’9m,A
wake_rbp_delta,9m,12m,WT,-0.15982709212780324,9mâ†’12m,A
wake_rbp_delta,9m,12m,KO,-0.0061712777290063164,9mâ†’12m,A
wake_rbp_theta,3m,4m,WT,-0.057184688993287575,3mâ†’4m,A
wake_rbp_theta,3m,4m,KO,-0.026344396350319814,3mâ†’4m,A
wake_rbp_theta,4m,6m,WT,0.05904808391889858,4mâ†’6m,A
wake_rbp_theta,4m,6m,KO,-0.003384363374797405,4mâ†’6m,A
wake_rbp_theta,6m,7m,WT,0.028211257561248444,6mâ†’7m,A
wake_rbp_theta,6m,7m,KO,0.010001946950051204,6mâ†’7m,A
wake_rbp_theta,7m,9m,WT,0.007297483890441862,7mâ†’9m,A
wake_rbp_theta,7m,9m,KO,0.026335548980132573,7mâ†’9m,A
wake_rbp_theta,9m,12m,WT,0.009399660845967531,9mâ†’12m,A
wake_rbp_theta,9m,12m,KO,0.003920226795366695,9mâ†’12m,A
wake_rbp_alpha,3m,4m,WT,-0.05917389996259271,3mâ†’4m,A
wake_rbp_alpha,3m,4m,KO,-0.028129898660863777,3mâ†’4m,A
wake_rbp_alpha,4m,6m,WT,0.04933439595100335,4mâ†’6m,A
wake_rbp_alpha,4m,6m,KO,0.006655498821315012,4mâ†’6m,A
wake_rbp_alpha,6m,7m,WT,0.016099291163242106,6mâ†’7m,A
wake_rbp_alpha,6m,7m,KO,0.0022358967095206504,6mâ†’7m,A
wake_rbp_alpha,7m,9m,WT,-0.0050492453643146374,7mâ†’9m,A
wake_rbp_alpha,7m,9m,KO,0.013452677479423865,7mâ†’9m,A
wake_rbp_alpha,9m,12m,WT,0.036730123001838394,9mâ†’12m,A
wake_rbp_alpha,9m,12m,KO,-0.011426820691509895,9mâ†’12m,A
wake_rbp_beta,3m,4m,WT,-0.047443829490132525,3mâ†’4m,A
wake_rbp_beta,3m,4m,KO,0.027001428781544073,3mâ†’4m,A
wake_rbp_beta,4m,6m,WT,0.021711956426240332,4mâ†’6m,A
wake_rbp_beta,4m,6m,KO,-0.04783521740827263,4mâ†’6m,A
wake_rbp_beta,6m,7m,WT,0.016319622971180385,6mâ†’7m,A
wake_rbp_beta,6m,7m,KO,-0.005895777881676807,6mâ†’7m,A
wake_rbp_beta,7m,9m,WT,-0.0041799481655857675,7mâ†’9m,A
wake_rbp_beta,7m,9m,KO,0.02942928314024294,7mâ†’9m,A
wake_rbp_beta,9m,12m,WT,0.04384985609299776,9mâ†’12m,A
wake_rbp_beta,9m,12m,KO,-0.009565475961204481,9mâ†’12m,A
wake_rbp_gamma,3m,4m,WT,0.04547791456443667,3mâ†’4m,A
wake_rbp_gamma,3m,4m,KO,0.026794979229364458,3mâ†’4m,A
wake_rbp_gamma,4m,6m,WT,-0.04097153888751541,4mâ†’6m,A
wake_rbp_gamma,4m,6m,KO,0.008377201941380785,4mâ†’6m,A
wake_rbp_gamma,6m,7m,WT,0.0004973836159554278,6mâ†’7m,A
wake_rbp_gamma,6m,7m,KO,-0.008580454672626045,6mâ†’7m,A
wake_rbp_gamma,7m,9m,WT,-0.014637398761312417,7mâ†’9m,A
wake_rbp_gamma,7m,9m,KO,-0.0035659508506479237,7mâ†’9m,A
wake_rbp_gamma,9m,12m,WT,0.06984744837412375,9mâ†’12m,A
wake_rbp_gamma,9m,12m,KO,0.023243322383425125,9mâ†’12m,A
wake_td_ratio,3m,4m,WT,-0.2905552173387642,3mâ†’4m,A
wake_td_ratio,3m,4m,KO,0.023231820672978375,3mâ†’4m,A
wake_td_ratio,4m,6m,WT,0.18576514968776353,4mâ†’6m,A
wake_td_ratio,4m,6m,KO,-0.053350955457557254,4mâ†’6m,A
wake_td_ratio,6m,7m,WT,0.14799489346246408,6mâ†’7m,A
wake_td_ratio,6m,7m,KO,0.01035195848353348,6mâ†’7m,A
wake_td_ratio,7m,9m,WT,-0.037635049754858596,7mâ†’9m,A
wake_td_ratio,7m,9m,KO,0.11391143040536933,7mâ†’9m,A
wake_td_ratio,9m,12m,WT,0.38678372083918217,9mâ†’12m,A
wake_td_ratio,9m,12m,KO,0.06812164058471565,9mâ†’12m,A
wake_theta_alpha,3m,4m,WT,0.6967374270920909,3mâ†’4m,A
wake_theta_alpha,3m,4m,KO,0.2841408192450036,3mâ†’4m,A
wake_theta_alpha,4m,6m,WT,-0.6298958806994163,4mâ†’6m,A
wake_theta_alpha,4m,6m,KO,-0.20979208911565883,4mâ†’6m,A
wake_theta_alpha,6m,7m,WT,0.027068159626562283,6mâ†’7m,A
wake_theta_alpha,6m,7m,KO,0.014666356120040821,6mâ†’7m,A
wake_theta_alpha,7m,9m,WT,0.13982639799061117,7mâ†’9m,A
wake_theta_alpha,7m,9m,KO,-0.03322740067608754,7mâ†’9m,A
wake_theta_alpha,9m,12m,WT,-0.42804213612353587,9mâ†’12m,A
wake_theta_alpha,9m,12m,KO,0.28333120567815995,9mâ†’12m,A
wake_theta_beta,3m,4m,WT,0.3663784788615104,3mâ†’4m,A
wake_theta_beta,3m,4m,KO,-0.46824619293732844,3mâ†’4m,A
wake_theta_beta,4m,6m,WT,-0.47213915562503506,4mâ†’6m,A
wake_theta_beta,4m,6m,KO,-0.07665289405378295,4mâ†’6m,A
wake_theta_beta,6m,7m,WT,0.025856193549442824,6mâ†’7m,A
wake_theta_beta,6m,7m,KO,0.0786927623597408,6mâ†’7m,A
wake_theta_beta,7m,9m,WT,0.13906890175522593,7mâ†’9m,A
wake_theta_beta,7m,9m,KO,-0.23029263294910657,7mâ†’9m,A
wake_theta_beta,9m,12m,WT,-0.8999038584586997,9mâ†’12m,A
wake_theta_beta,9m,12m,KO,0.14314886922296016,9mâ†’12m,A
wake_slow_fast,3m,4m,WT,74.96763576788737,3mâ†’4m,A
wake_slow_fast,3m,4m,KO,37.56164038165646,3mâ†’4m,A
wake_slow_fast,4m,6m,WT,-197.89114561639033,4mâ†’6m,A
wake_slow_fast,4m,6m,KO,-86.86150245038297,4mâ†’6m,A
wake_slow_fast,6m,7m,WT,52.523752054435,6mâ†’7m,A
wake_slow_fast,6m,7m,KO,-91.14659736867533,6mâ†’7m,A
wake_slow_fast,7m,9m,WT,1652.5529068679841,7mâ†’9m,A
wake_slow_fast,7m,9m,KO,579.9698661613666,7mâ†’9m,A
wake_slow_fast,9m,12m,WT,-3255.529681559776,9mâ†’12m,A
wake_slow_fast,9m,12m,KO,-549.6644993936427,9mâ†’12m,A
wake_high_freq_idx,3m,4m,WT,-0.001965914925695856,3mâ†’4m,A
wake_high_freq_idx,3m,4m,KO,0.05379640801090852,3mâ†’4m,A
wake_high_freq_idx,4m,6m,WT,-0.019259582461275085,4mâ†’6m,A
wake_high_freq_idx,4m,6m,KO,-0.03945801546689182,4mâ†’6m,A
wake_high_freq_idx,6m,7m,WT,0.01681700658713582,6mâ†’7m,A
wake_high_freq_idx,6m,7m,KO,-0.014476232554302866,6mâ†’7m,A
wake_high_freq_idx,7m,9m,WT,-0.01881734692689818,7mâ†’9m,A
wake_high_freq_idx,7m,9m,KO,0.025863332289595052,7mâ†’9m,A
wake_high_freq_idx,9m,12m,WT,0.1136973044671215,9mâ†’12m,A
wake_high_freq_idx,9m,12m,KO,0.013677846422220613,9mâ†’12m,A
wake_spectral_entropy,3m,4m,WT,-0.1142219066530099,3mâ†’4m,A
wake_spectral_entropy,3m,4m,KO,-0.0261481710848223,3mâ†’4m,A
wake_spectral_entropy,4m,6m,WT,0.10780315720968954,4mâ†’6m,A
wake_spectral_entropy,4m,6m,KO,-0.007134752659361111,4mâ†’6m,A
wake_spectral_entropy,6m,7m,WT,0.050512181382434546,6mâ†’7m,A
wake_spectral_entropy,6m,7m,KO,-0.002638438652777686,6mâ†’7m,A
wake_spectral_entropy,7m,9m,WT,-0.001069553127084159,7mâ†’9m,A
wake_spectral_entropy,7m,9m,KO,0.045795660018592754,7mâ†’9m,A
wake_spectral_entropy,9m,12m,WT,0.08466621279442321,9mâ†’12m,A
wake_spectral_entropy,9m,12m,KO,0.0033493417516806123,9mâ†’12m,A
wake_ap_exp,3m,4m,WT,-0.07130274689482835,3mâ†’4m,A
wake_ap_exp,3m,4m,KO,-0.1050934537701993,3mâ†’4m,A
wake_ap_exp,4m,6m,WT,0.05830518249871036,4mâ†’6m,A
wake_ap_exp,4m,6m,KO,0.027805763726780945,4mâ†’6m,A
wake_ap_exp,6m,7m,WT,-0.022622667873156005,6mâ†’7m,A
wake_ap_exp,6m,7m,KO,0.05845895795903052,6mâ†’7m,A
wake_ap_exp,7m,9m,WT,0.10906964477399365,7mâ†’9m,A
wake_ap_exp,7m,9m,KO,-0.009986872514264111,7mâ†’9m,A
wake_ap_exp,9m,12m,WT,-0.4125391934799418,9mâ†’12m,A
wake_ap_exp,9m,12m,KO,-0.11278272021142954,9mâ†’12m,A
wake_total_var,3m,4m,WT,0.3687963076352758,3mâ†’4m,A
wake_total_var,3m,4m,KO,0.21757013459774183,3mâ†’4m,A
wake_total_var,4m,6m,WT,0.6282855620591942,4mâ†’6m,A
wake_total_var,4m,6m,KO,0.8419548980211619,4mâ†’6m,A
wake_total_var,6m,7m,WT,-1.0767949728458932,6mâ†’7m,A
wake_total_var,6m,7m,KO,-0.9674259885879318,6mâ†’7m,A
wake_total_var,7m,9m,WT,-0.27429079059553313,7mâ†’9m,A
wake_total_var,7m,9m,KO,-0.9091953260567344,7mâ†’9m,A
wake_total_var,9m,12m,WT,1.1954784160274496,9mâ†’12m,A
wake_total_var,9m,12m,KO,0.25596574438519176,9mâ†’12m,A
wake_rms,3m,4m,WT,0.24458942409990733,3mâ†’4m,A
wake_rms,3m,4m,KO,0.10866825538176579,3mâ†’4m,A
wake_rms,4m,6m,WT,0.16362411871508545,4mâ†’6m,A
wake_rms,4m,6m,KO,0.256510182257847,4mâ†’6m,A
wake_rms,6m,7m,WT,-0.4260807255353617,6mâ†’7m,A
wake_rms,6m,7m,KO,-0.334922908908208,6mâ†’7m,A
wake_rms,7m,9m,WT,-0.10771796632306423,7mâ†’9m,A
wake_rms,7m,9m,KO,-0.2255670063538223,7mâ†’9m,A
wake_rms,9m,12m,WT,0.507466299482107,9mâ†’12m,A
wake_rms,9m,12m,KO,0.21083993038824872,9mâ†’12m,A
wake_p2p,3m,4m,WT,-0.4947388383110121,3mâ†’4m,A
wake_p2p,3m,4m,KO,-0.11787955412747364,3mâ†’4m,A
wake_p2p,4m,6m,WT,0.6096376444388083,4mâ†’6m,A
wake_p2p,4m,6m,KO,0.4123489770215126,4mâ†’6m,A
wake_p2p,6m,7m,WT,-0.7039104072975894,6mâ†’7m,A
wake_p2p,6m,7m,KO,-0.5795806312027731,6mâ†’7m,A
wake_p2p,7m,9m,WT,-0.49891866205272134,7mâ†’9m,A
wake_p2p,7m,9m,KO,-1.0095366080416883,7mâ†’9m,A
wake_p2p,9m,12m,WT,2.140234143870865,9mâ†’12m,A
wake_p2p,9m,12m,KO,0.852525911408156,9mâ†’12m,A
wake_zcr,3m,4m,WT,0.04377738042939494,3mâ†’4m,A
wake_zcr,3m,4m,KO,0.016783523557388352,3mâ†’4m,A
wake_zcr,4m,6m,WT,-0.04924187557615423,4mâ†’6m,A
wake_zcr,4m,6m,KO,-0.01421669810743652,4mâ†’6m,A
wake_zcr,6m,7m,WT,0.007037322442970311,6mâ†’7m,A
wake_zcr,6m,7m,KO,0.04053193835169508,6mâ†’7m,A
wake_zcr,7m,9m,WT,-0.002874308720731567,7mâ†’9m,A
wake_zcr,7m,9m,KO,-0.05451811096357766,7mâ†’9m,A
wake_zcr,9m,12m,WT,0.03917315939912908,9mâ†’12m,A
wake_zcr,9m,12m,KO,0.027506297503302198,9mâ†’12m,A
wake_coeff_var,3m,4m,WT,53.678920158657085,3mâ†’4m,A
wake_coeff_var,3m,4m,KO,65.26041309278061,3mâ†’4m,A
wake_coeff_var,4m,6m,WT,-60.1249582297959,4mâ†’6m,A
wake_coeff_var,4m,6m,KO,-78.47357779715934,4mâ†’6m,A
wake_coeff_var,6m,7m,WT,33.519261209765446,6mâ†’7m,A
wake_coeff_var,6m,7m,KO,7.374974581991693,6mâ†’7m,A
wake_coeff_var,7m,9m,WT,37.24349522179111,7mâ†’9m,A
wake_coeff_var,7m,9m,KO,16.91386391305342,7mâ†’9m,A
wake_coeff_var,9m,12m,WT,33.33218194491338,9mâ†’12m,A
wake_coeff_var,9m,12m,KO,174.98139505148103,9mâ†’12m,A
wake_hjorth_mob,3m,4m,WT,0.10525377693591896,3mâ†’4m,A
wake_hjorth_mob,3m,4m,KO,0.0550839904469306,3mâ†’4m,A
wake_hjorth_mob,4m,6m,WT,-0.11950379064602051,4mâ†’6m,A
wake_hjorth_mob,4m,6m,KO,-0.03694397880075269,4mâ†’6m,A
wake_hjorth_mob,6m,7m,WT,0.018686878982690783,6mâ†’7m,A
wake_hjorth_mob,6m,7m,KO,0.10751893436001793,6mâ†’7m,A
wake_hjorth_mob,7m,9m,WT,-0.022912505206966447,7mâ†’9m,A
wake_hjorth_mob,7m,9m,KO,-0.1598224576095572,7mâ†’9m,A
wake_hjorth_mob,9m,12m,WT,0.12864429050341628,9mâ†’12m,A
wake_hjorth_mob,9m,12m,KO,0.08510466854034092,9mâ†’12m,A
wake_hjorth_comp,3m,4m,WT,1.1468185474185595,3mâ†’4m,A
wake_hjorth_comp,3m,4m,KO,-0.4723005262763098,3mâ†’4m,A
wake_hjorth_comp,4m,6m,WT,0.06335755058225512,4mâ†’6m,A
wake_hjorth_comp,4m,6m,KO,2.0111360563447604,4mâ†’6m,A
wake_hjorth_comp,6m,7m,WT,-0.6133164236678736,6mâ†’7m,A
wake_hjorth_comp,6m,7m,KO,-1.31346239568664,6mâ†’7m,A
wake_hjorth_comp,7m,9m,WT,-1.0906298498609321,7mâ†’9m,A
wake_hjorth_comp,7m,9m,KO,0.4259561972685044,7mâ†’9m,A
wake_hjorth_comp,9m,12m,WT,-1.6703043580733403,9mâ†’12m,A
wake_hjorth_comp,9m,12m,KO,-0.48104984811235085,9mâ†’12m,A
wake_lzc,3m,4m,WT,0.00023968711726023856,3mâ†’4m,A
wake_lzc,3m,4m,KO,-0.00034897771842543404,3mâ†’4m,A
wake_lzc,4m,6m,WT,0.00012677309132816655,4mâ†’6m,A
wake_lzc,4m,6m,KO,0.0005092254356261196,4mâ†’6m,A
wake_lzc,6m,7m,WT,-0.00029787534204268797,6mâ†’7m,A
wake_lzc,6m,7m,KO,6.853235210506926e-05,6mâ†’7m,A
wake_lzc,7m,9m,WT,-1.6250723198946392e-05,7mâ†’9m,A
wake_lzc,7m,9m,KO,-0.0004853008982838875,7mâ†’9m,A
wake_lzc,9m,12m,WT,-0.0008675913314005792,9mâ†’12m,A
wake_lzc,9m,12m,KO,-0.00028404051264679583,9mâ†’12m,A
nrem_bp_delta,3m,4m,WT,0.059171234254943875,3mâ†’4m,A
nrem_bp_delta,3m,4m,KO,0.07509733543324831,3mâ†’4m,A
nrem_bp_delta,4m,6m,WT,-0.008579797098361411,4mâ†’6m,A
nrem_bp_delta,4m,6m,KO,0.0563724849318852,4mâ†’6m,A
nrem_bp_delta,6m,7m,WT,-0.05229893182759426,6mâ†’7m,A
nrem_bp_delta,6m,7m,KO,-0.1528250917630191,6mâ†’7m,A
nrem_bp_delta,7m,9m,WT,0.00047475601814123326,7mâ†’9m,A
nrem_bp_delta,7m,9m,KO,-0.014181598732858626,7mâ†’9m,A
nrem_bp_delta,9m,12m,WT,0.05387423741205871,9mâ†’12m,A
nrem_bp_delta,9m,12m,KO,0.0017678888530777612,9mâ†’12m,A
nrem_bp_theta,3m,4m,WT,0.019118723546187433,3mâ†’4m,A
nrem_bp_theta,3m,4m,KO,0.04042797934915318,3mâ†’4m,A
nrem_bp_theta,4m,6m,WT,-0.01415565814965001,4mâ†’6m,A
nrem_bp_theta,4m,6m,KO,0.027032147422740117,4mâ†’6m,A
nrem_bp_theta,6m,7m,WT,-0.00604251575248791,6mâ†’7m,A
nrem_bp_theta,6m,7m,KO,-0.08063459468807926,6mâ†’7m,A
nrem_bp_theta,7m,9m,WT,0.0003497216409288465,7mâ†’9m,A
nrem_bp_theta,7m,9m,KO,-0.006022466558621006,7mâ†’9m,A
nrem_bp_theta,9m,12m,WT,0.03705962096625765,9mâ†’12m,A
nrem_bp_theta,9m,12m,KO,0.0014313456877536926,9mâ†’12m,A
nrem_bp_alpha,3m,4m,WT,0.008055951337500249,3mâ†’4m,A
nrem_bp_alpha,3m,4m,KO,0.01760029997168791,3mâ†’4m,A
nrem_bp_alpha,4m,6m,WT,-0.00628967673386164,4mâ†’6m,A
nrem_bp_alpha,4m,6m,KO,0.010949076526336195,4mâ†’6m,A
nrem_bp_alpha,6m,7m,WT,-0.0022566025814124294,6mâ†’7m,A
nrem_bp_alpha,6m,7m,KO,-0.04431419118302319,6mâ†’7m,A
nrem_bp_alpha,7m,9m,WT,2.0367441320529468e-05,7mâ†’9m,A
nrem_bp_alpha,7m,9m,KO,-0.0030994470601436695,7mâ†’9m,A
nrem_bp_alpha,9m,12m,WT,0.019220623704272494,9mâ†’12m,A
nrem_bp_alpha,9m,12m,KO,0.0010562411093490176,9mâ†’12m,A
nrem_bp_beta,3m,4m,WT,0.007220219126769579,3mâ†’4m,A
nrem_bp_beta,3m,4m,KO,0.060543818219845114,3mâ†’4m,A
nrem_bp_beta,4m,6m,WT,-0.005534693588164253,4mâ†’6m,A
nrem_bp_beta,4m,6m,KO,-0.03278602577877089,4mâ†’6m,A
nrem_bp_beta,6m,7m,WT,-0.002096137272052795,6mâ†’7m,A
nrem_bp_beta,6m,7m,KO,-0.05225773325394003,6mâ†’7m,A
nrem_bp_beta,7m,9m,WT,8.130368810660904e-06,7mâ†’9m,A
nrem_bp_beta,7m,9m,KO,-0.003240158470398293,7mâ†’9m,A
nrem_bp_beta,9m,12m,WT,0.01920358349663452,9mâ†’12m,A
nrem_bp_beta,9m,12m,KO,0.001624765486610195,9mâ†’12m,A
nrem_bp_gamma,3m,4m,WT,0.007384206631707024,3mâ†’4m,A
nrem_bp_gamma,3m,4m,KO,0.023434686814380042,3mâ†’4m,A
nrem_bp_gamma,4m,6m,WT,-0.006193634221750588,4mâ†’6m,A
nrem_bp_gamma,4m,6m,KO,0.004068531163294861,4mâ†’6m,A
nrem_bp_gamma,6m,7m,WT,-0.0013948292886589073,6mâ†’7m,A
nrem_bp_gamma,6m,7m,KO,-0.03935628992860227,6mâ†’7m,A
nrem_bp_gamma,7m,9m,WT,3.829559172302426e-05,7mâ†’9m,A
nrem_bp_gamma,7m,9m,KO,-0.0016735356536300902,7mâ†’9m,A
nrem_bp_gamma,9m,12m,WT,0.018280787782008298,9mâ†’12m,A
nrem_bp_gamma,9m,12m,KO,0.0035623536162594943,9mâ†’12m,A
nrem_rbp_delta,3m,4m,WT,0.12464709865330802,3mâ†’4m,A
nrem_rbp_delta,3m,4m,KO,0.026506651348531973,3mâ†’4m,A
nrem_rbp_delta,4m,6m,WT,-0.09730335863511391,4mâ†’6m,A
nrem_rbp_delta,4m,6m,KO,0.01993045813382042,4mâ†’6m,A
nrem_rbp_delta,6m,7m,WT,-0.03230187660254302,6mâ†’7m,A
nrem_rbp_delta,6m,7m,KO,0.017038825852333076,6mâ†’7m,A
nrem_rbp_delta,7m,9m,WT,0.0032191339794389873,7mâ†’9m,A
nrem_rbp_delta,7m,9m,KO,-0.06993963218303587,7mâ†’9m,A
nrem_rbp_delta,9m,12m,WT,-0.1246124140843658,9mâ†’12m,A
nrem_rbp_delta,9m,12m,KO,-0.0056852597241503,9mâ†’12m,A
nrem_rbp_theta,3m,4m,WT,-0.07166012389541207,3mâ†’4m,A
nrem_rbp_theta,3m,4m,KO,-0.04750175237459037,3mâ†’4m,A
nrem_rbp_theta,4m,6m,WT,0.08245931611328808,4mâ†’6m,A
nrem_rbp_theta,4m,6m,KO,0.022434325608518373,4mâ†’6m,A
nrem_rbp_theta,6m,7m,WT,0.018392642423972826,6mâ†’7m,A
nrem_rbp_theta,6m,7m,KO,-0.0006781386485105919,6mâ†’7m,A
nrem_rbp_theta,7m,9m,WT,0.010425375915964263,7mâ†’9m,A
nrem_rbp_theta,7m,9m,KO,0.0546550960511083,7mâ†’9m,A
nrem_rbp_theta,9m,12m,WT,-0.014357940238922543,9mâ†’12m,A
nrem_rbp_theta,9m,12m,KO,-0.01472088940595287,9mâ†’12m,A
nrem_rbp_alpha,3m,4m,WT,-0.07489332609370057,3mâ†’4m,A
nrem_rbp_alpha,3m,4m,KO,-0.043918032197987365,3mâ†’4m,A
nrem_rbp_alpha,4m,6m,WT,0.05919732090111966,4mâ†’6m,A
nrem_rbp_alpha,4m,6m,KO,0.01892010620755513,4mâ†’6m,A
nrem_rbp_alpha,6m,7m,WT,0.006718404651271673,6mâ†’7m,A
nrem_rbp_alpha,6m,7m,KO,-0.0013758243105310407,6mâ†’7m,A
nrem_rbp_alpha,7m,9m,WT,-0.004894041693566671,7mâ†’9m,A
nrem_rbp_alpha,7m,9m,KO,0.012032234214613888,7mâ†’9m,A
nrem_rbp_alpha,9m,12m,WT,0.03448780892713248,9mâ†’12m,A
nrem_rbp_alpha,9m,12m,KO,-0.011676055564574902,9mâ†’12m,A
nrem_rbp_beta,3m,4m,WT,-0.04616830185797349,3mâ†’4m,A
nrem_rbp_beta,3m,4m,KO,0.03060431212363094,3mâ†’4m,A
nrem_rbp_beta,4m,6m,WT,0.014888023238311138,4mâ†’6m,A
nrem_rbp_beta,4m,6m,KO,-0.056701168805641,4mâ†’6m,A
nrem_rbp_beta,6m,7m,WT,0.0102545843668377,6mâ†’7m,A
nrem_rbp_beta,6m,7m,KO,-0.003017681882517632,6mâ†’7m,A
nrem_rbp_beta,7m,9m,WT,0.0016623138091713813,7mâ†’9m,A
nrem_rbp_beta,7m,9m,KO,0.020405774568844817,7mâ†’9m,A
nrem_rbp_beta,9m,12m,WT,0.03662978613223424,9mâ†’12m,A
nrem_rbp_beta,9m,12m,KO,-0.004647119398589847,9mâ†’12m,A
nrem_rbp_gamma,3m,4m,WT,0.06807452319391145,3mâ†’4m,A
nrem_rbp_gamma,3m,4m,KO,0.034308805350509064,3mâ†’4m,A
nrem_rbp_gamma,4m,6m,WT,-0.0592411717027166,4mâ†’6m,A
nrem_rbp_gamma,4m,6m,KO,-0.004583703479475574,4mâ†’6m,A
nrem_rbp_gamma,6m,7m,WT,-0.0030637540974246024,6mâ†’7m,A
nrem_rbp_gamma,6m,7m,KO,-0.011967542470070034,6mâ†’7m,A
nrem_rbp_gamma,7m,9m,WT,-0.01041278076055029,7mâ†’9m,A
nrem_rbp_gamma,7m,9m,KO,-0.01715293014588809,7mâ†’9m,A
nrem_rbp_gamma,9m,12m,WT,0.06785275319510116,9mâ†’12m,A
nrem_rbp_gamma,9m,12m,KO,0.0367293057749209,9mâ†’12m,A
nrem_td_ratio,3m,4m,WT,-0.7037687079830499,3mâ†’4m,A
nrem_td_ratio,3m,4m,KO,-0.11062152284142827,3mâ†’4m,A
nrem_td_ratio,4m,6m,WT,0.5244639775233532,4mâ†’6m,A
nrem_td_ratio,4m,6m,KO,-0.10389932589374717,4mâ†’6m,A
nrem_td_ratio,6m,7m,WT,0.14964887493792373,6mâ†’7m,A
nrem_td_ratio,6m,7m,KO,5.4182234817605014e-05,6mâ†’7m,A
nrem_td_ratio,7m,9m,WT,-0.047469188804760254,7mâ†’9m,A
nrem_td_ratio,7m,9m,KO,0.35979593388465597,7mâ†’9m,A
nrem_td_ratio,9m,12m,WT,0.8375046706910428,9mâ†’12m,A
nrem_td_ratio,9m,12m,KO,-0.05435014309592795,9mâ†’12m,A
nrem_theta_alpha,3m,4m,WT,0.8160757153773388,3mâ†’4m,A
nrem_theta_alpha,3m,4m,KO,0.4988936335947211,3mâ†’4m,A
nrem_theta_alpha,4m,6m,WT,-0.543598265800936,4mâ†’6m,A
nrem_theta_alpha,4m,6m,KO,-0.28145860129844097,4mâ†’6m,A
nrem_theta_alpha,6m,7m,WT,0.045550500370622804,6mâ†’7m,A
nrem_theta_alpha,6m,7m,KO,0.028190509004370295,6mâ†’7m,A
nrem_theta_alpha,7m,9m,WT,0.11799622714847706,7mâ†’9m,A
nrem_theta_alpha,7m,9m,KO,0.08828032589561119,7mâ†’9m,A
nrem_theta_alpha,9m,12m,WT,-0.5021604382895387,9mâ†’12m,A
nrem_theta_alpha,9m,12m,KO,0.20626843110015602,9mâ†’12m,A
nrem_theta_beta,3m,4m,WT,0.4072520042435272,3mâ†’4m,A
nrem_theta_beta,3m,4m,KO,-0.40743500764347007,3mâ†’4m,A
nrem_theta_beta,4m,6m,WT,0.1307847829667803,4mâ†’6m,A
nrem_theta_beta,4m,6m,KO,0.3827891263289365,4mâ†’6m,A
nrem_theta_beta,6m,7m,WT,-0.1070056833018575,6mâ†’7m,A
nrem_theta_beta,6m,7m,KO,-0.023155523073776847,6mâ†’7m,A
nrem_theta_beta,7m,9m,WT,-0.1796014656115251,7mâ†’9m,A
nrem_theta_beta,7m,9m,KO,-0.207277726900306,7mâ†’9m,A
nrem_theta_beta,9m,12m,WT,-0.6634367766933558,9mâ†’12m,A
nrem_theta_beta,9m,12m,KO,-0.10703571593396044,9mâ†’12m,A
nrem_slow_fast,3m,4m,WT,0.865706322932801,3mâ†’4m,A
nrem_slow_fast,3m,4m,KO,0.46375962447240626,3mâ†’4m,A
nrem_slow_fast,4m,6m,WT,-0.6496359346107834,4mâ†’6m,A
nrem_slow_fast,4m,6m,KO,-0.32986370429219625,4mâ†’6m,A
nrem_slow_fast,6m,7m,WT,-0.584977079125334,6mâ†’7m,A
nrem_slow_fast,6m,7m,KO,0.13150038804210876,6mâ†’7m,A
nrem_slow_fast,7m,9m,WT,-0.10195313880102823,7mâ†’9m,A
nrem_slow_fast,7m,9m,KO,-0.3205497533773476,7mâ†’9m,A
nrem_slow_fast,9m,12m,WT,-2.1689923428684774,9mâ†’12m,A
nrem_slow_fast,9m,12m,KO,-0.5836757476530058,9mâ†’12m,A
nrem_high_freq_idx,3m,4m,WT,0.021906221335937955,3mâ†’4m,A
nrem_high_freq_idx,3m,4m,KO,0.06491311747414001,3mâ†’4m,A
nrem_high_freq_idx,4m,6m,WT,-0.044353148464405454,4mâ†’6m,A
nrem_high_freq_idx,4m,6m,KO,-0.06128487228511658,4mâ†’6m,A
nrem_high_freq_idx,6m,7m,WT,0.007190830269413091,6mâ†’7m,A
nrem_high_freq_idx,6m,7m,KO,-0.014985224352587687,6mâ†’7m,A
nrem_high_freq_idx,7m,9m,WT,-0.00875046695137887,7mâ†’9m,A
nrem_high_freq_idx,7m,9m,KO,0.0032528444229567507,7mâ†’9m,A
nrem_high_freq_idx,9m,12m,WT,0.10448253932733535,9mâ†’12m,A
nrem_high_freq_idx,9m,12m,KO,0.03208218637633106,9mâ†’12m,A
nrem_spectral_entropy,3m,4m,WT,-0.06677317271469459,3mâ†’4m,A
nrem_spectral_entropy,3m,4m,KO,-0.021722967046733238,3mâ†’4m,A
nrem_spectral_entropy,4m,6m,WT,0.06331306236124057,4mâ†’6m,A
nrem_spectral_entropy,4m,6m,KO,0.031407007367450945,4mâ†’6m,A
nrem_spectral_entropy,6m,7m,WT,0.012942946823018622,6mâ†’7m,A
nrem_spectral_entropy,6m,7m,KO,-0.021064102536601792,6mâ†’7m,A
nrem_spectral_entropy,7m,9m,WT,-0.0017605716840261205,7mâ†’9m,A
nrem_spectral_entropy,7m,9m,KO,0.029933127757168915,7mâ†’9m,A
nrem_spectral_entropy,9m,12m,WT,0.036149860910361986,9mâ†’12m,A
nrem_spectral_entropy,9m,12m,KO,0.01693161060569573,9mâ†’12m,A
nrem_ap_exp,3m,4m,WT,-0.09809634819399585,3mâ†’4m,A
nrem_ap_exp,3m,4m,KO,-0.17222022197794606,3mâ†’4m,A
nrem_ap_exp,4m,6m,WT,0.1328353713907241,4mâ†’6m,A
nrem_ap_exp,4m,6m,KO,0.165632255239221,4mâ†’6m,A
nrem_ap_exp,6m,7m,WT,-0.05628758070048556,6mâ†’7m,A
nrem_ap_exp,6m,7m,KO,0.007330059551739154,6mâ†’7m,A
nrem_ap_exp,7m,9m,WT,0.09971721601027843,7mâ†’9m,A
nrem_ap_exp,7m,9m,KO,0.03063109323359764,7mâ†’9m,A
nrem_ap_exp,9m,12m,WT,-0.4412006203863532,9mâ†’12m,A
nrem_ap_exp,9m,12m,KO,-0.19461895303853416,9mâ†’12m,A
nrem_total_var,3m,4m,WT,0.15687089882088115,3mâ†’4m,A
nrem_total_var,3m,4m,KO,0.2548877600073106,3mâ†’4m,A
nrem_total_var,4m,6m,WT,-0.048632069613294686,4mâ†’6m,A
nrem_total_var,4m,6m,KO,0.11014280013432502,4mâ†’6m,A
nrem_total_var,6m,7m,WT,-0.11311152507732668,6mâ†’7m,A
nrem_total_var,6m,7m,KO,-0.4757884638853039,6mâ†’7m,A
nrem_total_var,7m,9m,WT,0.0009218794607952632,7mâ†’9m,A
nrem_total_var,7m,9m,KO,-0.03480829411922132,7mâ†’9m,A
nrem_total_var,9m,12m,WT,0.19970539386951003,9mâ†’12m,A
nrem_total_var,9m,12m,KO,0.02361839300078143,9mâ†’12m,A
nrem_rms,3m,4m,WT,0.25033473417347224,3mâ†’4m,A
nrem_rms,3m,4m,KO,0.19034180172705212,3mâ†’4m,A
nrem_rms,4m,6m,WT,-0.03901853133396839,4mâ†’6m,A
nrem_rms,4m,6m,KO,0.0030166692589813993,4mâ†’6m,A
nrem_rms,6m,7m,WT,-0.20114570474222576,6mâ†’7m,A
nrem_rms,6m,7m,KO,-0.2463064067189001,6mâ†’7m,A
nrem_rms,7m,9m,WT,-0.017720531371482984,7mâ†’9m,A
nrem_rms,7m,9m,KO,-0.05714045956684522,7mâ†’9m,A
nrem_rms,9m,12m,WT,0.32335278398967376,9mâ†’12m,A
nrem_rms,9m,12m,KO,0.1521641939150123,9mâ†’12m,A
nrem_p2p,3m,4m,WT,0.45986702609513463,3mâ†’4m,A
nrem_p2p,3m,4m,KO,0.7552875634400382,3mâ†’4m,A
nrem_p2p,4m,6m,WT,-0.3367158074572949,4mâ†’6m,A
nrem_p2p,4m,6m,KO,-0.16695051089218474,4mâ†’6m,A
nrem_p2p,6m,7m,WT,-0.19436515246546554,6mâ†’7m,A
nrem_p2p,6m,7m,KO,-0.794877912067629,6mâ†’7m,A
nrem_p2p,7m,9m,WT,0.07021610807920332,7mâ†’9m,A
nrem_p2p,7m,9m,KO,-0.1597166412696671,7mâ†’9m,A
nrem_p2p,9m,12m,WT,0.7785807359697384,9mâ†’12m,A
nrem_p2p,9m,12m,KO,0.19650629652973914,9mâ†’12m,A
nrem_zcr,3m,4m,WT,0.06358715582277111,3mâ†’4m,A
nrem_zcr,3m,4m,KO,0.017602254191452435,3mâ†’4m,A
nrem_zcr,4m,6m,WT,-0.06456123339952545,4mâ†’6m,A
nrem_zcr,4m,6m,KO,-0.013242178497079985,4mâ†’6m,A
nrem_zcr,6m,7m,WT,0.002233348937294299,6mâ†’7m,A
nrem_zcr,6m,7m,KO,0.048559984623183304,6mâ†’7m,A
nrem_zcr,7m,9m,WT,-0.0024591818817902267,7mâ†’9m,A
nrem_zcr,7m,9m,KO,-0.0733996601762365,7mâ†’9m,A
nrem_zcr,9m,12m,WT,0.04063966992528134,9mâ†’12m,A
nrem_zcr,9m,12m,KO,0.02922034355429765,9mâ†’12m,A
nrem_coeff_var,3m,4m,WT,53.17531710405056,3mâ†’4m,A
nrem_coeff_var,3m,4m,KO,70.21169924934816,3mâ†’4m,A
nrem_coeff_var,4m,6m,WT,-59.8399730623132,4mâ†’6m,A
nrem_coeff_var,4m,6m,KO,-77.10847667052587,4mâ†’6m,A
nrem_coeff_var,6m,7m,WT,19.171066983155747,6mâ†’7m,A
nrem_coeff_var,6m,7m,KO,23.918199970589058,6mâ†’7m,A
nrem_coeff_var,7m,9m,WT,50.250998218516315,7mâ†’9m,A
nrem_coeff_var,7m,9m,KO,-23.739178240285735,7mâ†’9m,A
nrem_coeff_var,9m,12m,WT,25.655729460049795,9mâ†’12m,A
nrem_coeff_var,9m,12m,KO,58.40690434549054,9mâ†’12m,A
nrem_hjorth_mob,3m,4m,WT,0.16074341399211328,3mâ†’4m,A
nrem_hjorth_mob,3m,4m,KO,0.057088536519969146,3mâ†’4m,A
nrem_hjorth_mob,4m,6m,WT,-0.16059688598979355,4mâ†’6m,A
nrem_hjorth_mob,4m,6m,KO,-0.034011633533118285,4mâ†’6m,A
nrem_hjorth_mob,6m,7m,WT,0.0061323558344433746,6mâ†’7m,A
nrem_hjorth_mob,6m,7m,KO,0.1307378306297199,6mâ†’7m,A
nrem_hjorth_mob,7m,9m,WT,-0.014784381465427382,7mâ†’9m,A
nrem_hjorth_mob,7m,9m,KO,-0.20712790823014815,7mâ†’9m,A
nrem_hjorth_mob,9m,12m,WT,0.12172726760674431,9mâ†’12m,A
nrem_hjorth_mob,9m,12m,KO,0.09133330389301349,9mâ†’12m,A
nrem_hjorth_comp,3m,4m,WT,-0.6188162911675448,3mâ†’4m,A
nrem_hjorth_comp,3m,4m,KO,-0.2372263113495387,3mâ†’4m,A
nrem_hjorth_comp,4m,6m,WT,0.3893914773981785,4mâ†’6m,A
nrem_hjorth_comp,4m,6m,KO,0.101469477734398,4mâ†’6m,A
nrem_hjorth_comp,6m,7m,WT,-0.15600805067284929,6mâ†’7m,A
nrem_hjorth_comp,6m,7m,KO,-0.34123572244328976,6mâ†’7m,A
nrem_hjorth_comp,7m,9m,WT,0.23747954774046,7mâ†’9m,A
nrem_hjorth_comp,7m,9m,KO,0.7532218663066376,7mâ†’9m,A
nrem_hjorth_comp,9m,12m,WT,-1.3949374790241966,9mâ†’12m,A
nrem_hjorth_comp,9m,12m,KO,-0.6439238861629515,9mâ†’12m,A
nrem_lzc,3m,4m,WT,-5.473229126837925e-06,3mâ†’4m,A
nrem_lzc,3m,4m,KO,-0.000349125946207657,3mâ†’4m,A
nrem_lzc,4m,6m,WT,0.00019821735741751365,4mâ†’6m,A
nrem_lzc,4m,6m,KO,0.000409531780652917,4mâ†’6m,A
nrem_lzc,6m,7m,WT,-3.3252654585647946e-05,6mâ†’7m,A
nrem_lzc,6m,7m,KO,0.0002645323566747501,6mâ†’7m,A
nrem_lzc,7m,9m,WT,2.4241929913419492e-05,7mâ†’9m,A
nrem_lzc,7m,9m,KO,-0.0004322136504360946,7mâ†’9m,A
nrem_lzc,9m,12m,WT,-0.001178126441535599,9mâ†’12m,A
nrem_lzc,9m,12m,KO,-0.0005274954974053316,9mâ†’12m,A
all_bp_delta,3m,4m,WT,0.08695815177141344,3mâ†’4m,A
all_bp_delta,3m,4m,KO,0.04031582117197571,3mâ†’4m,A
all_bp_delta,4m,6m,WT,0.1523209730177572,4mâ†’6m,A
all_bp_delta,4m,6m,KO,0.2683795512995751,4mâ†’6m,A
all_bp_delta,6m,7m,WT,-0.2691035444472842,6mâ†’7m,A
all_bp_delta,6m,7m,KO,-0.254244486442795,6mâ†’7m,A
all_bp_delta,7m,9m,WT,-0.0762660952572075,7mâ†’9m,A
all_bp_delta,7m,9m,KO,-0.3484786393669306,7mâ†’9m,A
all_bp_delta,9m,12m,WT,0.318276412734745,9mâ†’12m,A
all_bp_delta,9m,12m,KO,0.09287509196678709,9mâ†’12m,A
all_bp_theta,3m,4m,WT,-0.012148960452726813,3mâ†’4m,A
all_bp_theta,3m,4m,KO,0.03654778504314966,3mâ†’4m,A
all_bp_theta,4m,6m,WT,0.011611942829610047,4mâ†’6m,A
all_bp_theta,4m,6m,KO,0.03403880587865525,4mâ†’6m,A
all_bp_theta,6m,7m,WT,-0.01597195719429248,6mâ†’7m,A
all_bp_theta,6m,7m,KO,-0.08626277342143558,6mâ†’7m,A
all_bp_theta,7m,9m,WT,-0.019824110533639885,7mâ†’9m,A
all_bp_theta,7m,9m,KO,-0.09079566173090906,7mâ†’9m,A
all_bp_theta,9m,12m,WT,0.1084349503828671,9mâ†’12m,A
all_bp_theta,9m,12m,KO,0.022210567433282813,9mâ†’12m,A
all_bp_alpha,3m,4m,WT,-0.005850968496484782,3mâ†’4m,A
all_bp_alpha,3m,4m,KO,0.03252709253565547,3mâ†’4m,A
all_bp_alpha,4m,6m,WT,0.004450817030725819,4mâ†’6m,A
all_bp_alpha,4m,6m,KO,0.002840911536809324,4mâ†’6m,A
all_bp_alpha,6m,7m,WT,-0.005579551106034042,6mâ†’7m,A
all_bp_alpha,6m,7m,KO,-0.05938262630427022,6mâ†’7m,A
all_bp_alpha,7m,9m,WT,-0.009305356953018335,7mâ†’9m,A
all_bp_alpha,7m,9m,KO,-0.04610591194682309,7mâ†’9m,A
all_bp_alpha,9m,12m,WT,0.06039449629198603,9mâ†’12m,A
all_bp_alpha,9m,12m,KO,0.00859506260805373,9mâ†’12m,A
all_bp_beta,3m,4m,WT,-0.00950679278734695,3mâ†’4m,A
all_bp_beta,3m,4m,KO,0.10952160340414796,3mâ†’4m,A
all_bp_beta,4m,6m,WT,0.006337012003441386,4mâ†’6m,A
all_bp_beta,4m,6m,KO,-0.0778046604625464,4mâ†’6m,A
all_bp_beta,6m,7m,WT,-0.003050526870794509,6mâ†’7m,A
all_bp_beta,6m,7m,KO,-0.08073234993740212,6mâ†’7m,A
all_bp_beta,7m,9m,WT,-0.013219776025713418,7mâ†’9m,A
all_bp_beta,7m,9m,KO,-0.05052557255215638,7mâ†’9m,A
all_bp_beta,9m,12m,WT,0.07214754608075073,9mâ†’12m,A
all_bp_beta,9m,12m,KO,0.008249240018763872,9mâ†’12m,A
all_bp_gamma,3m,4m,WT,0.007521801819276079,3mâ†’4m,A
all_bp_gamma,3m,4m,KO,0.06208879798415605,3mâ†’4m,A
all_bp_gamma,4m,6m,WT,-0.009263419348285198,4mâ†’6m,A
all_bp_gamma,4m,6m,KO,-0.014997776248554298,4mâ†’6m,A
all_bp_gamma,6m,7m,WT,-0.003571719732510417,6mâ†’7m,A
all_bp_gamma,6m,7m,KO,-0.06419567244340517,6mâ†’7m,A
all_bp_gamma,7m,9m,WT,-0.007699760200130314,7mâ†’9m,A
all_bp_gamma,7m,9m,KO,-0.015679578974462927,7mâ†’9m,A
all_bp_gamma,9m,12m,WT,0.07000059182562544,9mâ†’12m,A
all_bp_gamma,9m,12m,KO,0.008294326438842571,9mâ†’12m,A
all_rbp_delta,3m,4m,WT,0.12041197946001903,3mâ†’4m,A
all_rbp_delta,3m,4m,KO,0.0191452647155207,3mâ†’4m,A
all_rbp_delta,4m,6m,WT,-0.09277626003612023,4mâ†’6m,A
all_rbp_delta,4m,6m,KO,0.023124008334583907,4mâ†’6m,A
all_rbp_delta,6m,7m,WT,-0.04784708231370359,6mâ†’7m,A
all_rbp_delta,6m,7m,KO,0.010417980777126365,6mâ†’7m,A
all_rbp_delta,7m,9m,WT,0.008130958170961317,7mâ†’9m,A
all_rbp_delta,7m,9m,KO,-0.07244328183484551,7mâ†’9m,A
all_rbp_delta,9m,12m,WT,-0.13886629610836368,9mâ†’12m,A
all_rbp_delta,9m,12m,KO,-0.0012179106075519003,9mâ†’12m,A
all_rbp_theta,3m,4m,WT,-0.06273865751145573,3mâ†’4m,A
all_rbp_theta,3m,4m,KO,-0.03962308561726258,3mâ†’4m,A
all_rbp_theta,4m,6m,WT,0.06818090745888612,4mâ†’6m,A
all_rbp_theta,4m,6m,KO,0.00969457221558252,4mâ†’6m,A
all_rbp_theta,6m,7m,WT,0.023241289783386427,6mâ†’7m,A
all_rbp_theta,6m,7m,KO,0.005141741008003751,6mâ†’7m,A
all_rbp_theta,7m,9m,WT,0.010663332769957642,7mâ†’9m,A
all_rbp_theta,7m,9m,KO,0.0406229156900454,7mâ†’9m,A
all_rbp_theta,9m,12m,WT,-0.005259307580546537,9mâ†’12m,A
all_rbp_theta,9m,12m,KO,-0.006828490536721146,9mâ†’12m,A
all_rbp_alpha,3m,4m,WT,-0.06525634825688392,3mâ†’4m,A
all_rbp_alpha,3m,4m,KO,-0.03548300625002419,3mâ†’4m,A
all_rbp_alpha,4m,6m,WT,0.053423501219323134,4mâ†’6m,A
all_rbp_alpha,4m,6m,KO,0.012263483235222004,4mâ†’6m,A
all_rbp_alpha,6m,7m,WT,0.01204781889418406,6mâ†’7m,A
all_rbp_alpha,6m,7m,KO,0.0006943039294609344,6mâ†’7m,A
all_rbp_alpha,7m,9m,WT,-0.004165848380393293,7mâ†’9m,A
all_rbp_alpha,7m,9m,KO,0.014180285738011375,7mâ†’9m,A
all_rbp_alpha,9m,12m,WT,0.033871078500369974,9mâ†’12m,A
all_rbp_alpha,9m,12m,KO,-0.012005944568432857,9mâ†’12m,A
all_rbp_beta,3m,4m,WT,-0.04662889098157099,3mâ†’4m,A
all_rbp_beta,3m,4m,KO,0.026603074888027836,3mâ†’4m,A
all_rbp_beta,4m,6m,WT,0.019205745835660478,4mâ†’6m,A
all_rbp_beta,4m,6m,KO,-0.04952241740640923,4mâ†’6m,A
all_rbp_beta,6m,7m,WT,0.013505978229392977,6mâ†’7m,A
all_rbp_beta,6m,7m,KO,-0.005509938627478162,6mâ†’7m,A
all_rbp_beta,7m,9m,WT,-0.001548107456347994,7mâ†’9m,A
all_rbp_beta,7m,9m,KO,0.027191531157803418,7mâ†’9m,A
all_rbp_beta,9m,12m,WT,0.04052212300357131,9mâ†’12m,A
all_rbp_beta,9m,12m,KO,-0.008086819085419712,9mâ†’12m,A
all_rbp_gamma,3m,4m,WT,0.054211809351264253,3mâ†’4m,A
all_rbp_gamma,3m,4m,KO,0.029357733231523235,3mâ†’4m,A
all_rbp_gamma,4m,6m,WT,-0.04803379063812784,4mâ†’6m,A
all_rbp_gamma,4m,6m,KO,0.004440376408859169,4mâ†’6m,A
all_rbp_gamma,6m,7m,WT,-0.0009480867344312466,6mâ†’7m,A
all_rbp_gamma,6m,7m,KO,-0.010744355792956512,6mâ†’7m,A
all_rbp_gamma,7m,9m,WT,-0.013080218194037688,7mâ†’9m,A
all_rbp_gamma,7m,9m,KO,-0.009551044103468175,7mâ†’9m,A
all_rbp_gamma,9m,12m,WT,0.06973239734131803,9mâ†’12m,A
all_rbp_gamma,9m,12m,KO,0.02813914223466726,9mâ†’12m,A
all_td_ratio,3m,4m,WT,-0.43915668017656867,3mâ†’4m,A
all_td_ratio,3m,4m,KO,-0.05683829418014111,3mâ†’4m,A
all_td_ratio,4m,6m,WT,0.31115768328737237,4mâ†’6m,A
all_td_ratio,4m,6m,KO,-0.05336251856536105,4mâ†’6m,A
all_td_ratio,6m,7m,WT,0.14280146973449023,6mâ†’7m,A
all_td_ratio,6m,7m,KO,-0.0034049188057794777,6mâ†’7m,A
all_td_ratio,7m,9m,WT,-0.027019189622475775,7mâ†’9m,A
all_td_ratio,7m,9m,KO,0.22727217809628064,7mâ†’9m,A
all_td_ratio,9m,12m,WT,0.49618594422864054,9mâ†’12m,A
all_td_ratio,9m,12m,KO,-0.002330547683524531,9mâ†’12m,A
all_theta_alpha,3m,4m,WT,0.73826769380045,3mâ†’4m,A
all_theta_alpha,3m,4m,KO,0.3493759690486055,3mâ†’4m,A
all_theta_alpha,4m,6m,WT,-0.5943365280871149,4mâ†’6m,A
all_theta_alpha,4m,6m,KO,-0.2226711430628443,4mâ†’6m,A
all_theta_alpha,6m,7m,WT,0.03125414690692621,6mâ†’7m,A
all_theta_alpha,6m,7m,KO,0.015147440530076625,6mâ†’7m,A
all_theta_alpha,7m,9m,WT,0.13707813129842816,7mâ†’9m,A
all_theta_alpha,7m,9m,KO,0.019674973176707022,7mâ†’9m,A
all_theta_alpha,9m,12m,WT,-0.4698650175004843,9mâ†’12m,A
all_theta_alpha,9m,12m,KO,0.2360202023274306,9mâ†’12m,A
all_theta_beta,3m,4m,WT,0.3652272295750972,3mâ†’4m,A
all_theta_beta,3m,4m,KO,-0.4466434021013891,3mâ†’4m,A
all_theta_beta,4m,6m,WT,-0.2187482996813758,4mâ†’6m,A
all_theta_beta,4m,6m,KO,0.10446185144801265,4mâ†’6m,A
all_theta_beta,6m,7m,WT,-0.02921842950608597,6mâ†’7m,A
all_theta_beta,6m,7m,KO,0.04031102556127871,6mâ†’7m,A
all_theta_beta,7m,9m,WT,0.02722856847099908,7mâ†’9m,A
all_theta_beta,7m,9m,KO,-0.2065484425854185,7mâ†’9m,A
all_theta_beta,9m,12m,WT,-0.8389452576947735,9mâ†’12m,A
all_theta_beta,9m,12m,KO,0.038245506898805404,9mâ†’12m,A
all_slow_fast,3m,4m,WT,47.35564582014826,3mâ†’4m,A
all_slow_fast,3m,4m,KO,27.191745665215194,3mâ†’4m,A
all_slow_fast,4m,6m,WT,-117.67661698849588,4mâ†’6m,A
all_slow_fast,4m,6m,KO,-39.5589616233242,4mâ†’6m,A
all_slow_fast,6m,7m,WT,29.638150020086506,6mâ†’7m,A
all_slow_fast,6m,7m,KO,-68.10028033145838,6mâ†’7m,A
all_slow_fast,7m,9m,WT,1044.8665120201097,7mâ†’9m,A
all_slow_fast,7m,9m,KO,336.46621243681506,7mâ†’9m,A
all_slow_fast,9m,12m,WT,-2059.882679495145,9mâ†’12m,A
all_slow_fast,9m,12m,KO,-317.6908630096545,9mâ†’12m,A
all_high_freq_idx,3m,4m,WT,0.007582918369693277,3mâ†’4m,A
all_high_freq_idx,3m,4m,KO,0.055960808119551064,3mâ†’4m,A
all_high_freq_idx,4m,6m,WT,-0.02882804480246738,4mâ†’6m,A
all_high_freq_idx,4m,6m,KO,-0.04508204099755009,4mâ†’6m,A
all_high_freq_idx,6m,7m,WT,0.01255789149496174,6mâ†’7m,A
all_high_freq_idx,6m,7m,KO,-0.016254294420434665,6mâ†’7m,A
all_high_freq_idx,7m,9m,WT,-0.014628325650385673,7mâ†’9m,A
all_high_freq_idx,7m,9m,KO,0.017640487054335234,7mâ†’9m,A
all_high_freq_idx,9m,12m,WT,0.11025452034488929,9mâ†’12m,A
all_high_freq_idx,9m,12m,KO,0.02005232314924755,9mâ†’12m,A
all_spectral_entropy,3m,4m,WT,-0.09605562734908664,3mâ†’4m,A
all_spectral_entropy,3m,4m,KO,-0.030978429511681574,3mâ†’4m,A
all_spectral_entropy,4m,6m,WT,0.09103394348540045,4mâ†’6m,A
all_spectral_entropy,4m,6m,KO,0.01186788270406309,4mâ†’6m,A
all_spectral_entropy,6m,7m,WT,0.03454251215176321,6mâ†’7m,A
all_spectral_entropy,6m,7m,KO,-0.010281889265303731,6mâ†’7m,A
all_spectral_entropy,7m,9m,WT,0.00024157397577106998,7mâ†’9m,A
all_spectral_entropy,7m,9m,KO,0.042699192582253326,7mâ†’9m,A
all_spectral_entropy,9m,12m,WT,0.06339136766225295,9mâ†’12m,A
all_spectral_entropy,9m,12m,KO,0.007049574354063809,9mâ†’12m,A
all_ap_exp,3m,4m,WT,-0.08394971437527005,3mâ†’4m,A
all_ap_exp,3m,4m,KO,-0.12636321147647098,3mâ†’4m,A
all_ap_exp,4m,6m,WT,0.09150309523641809,4mâ†’6m,A
all_ap_exp,4m,6m,KO,0.07979907482133232,4mâ†’6m,A
all_ap_exp,6m,7m,WT,-0.03574926883710394,6mâ†’7m,A
all_ap_exp,6m,7m,KO,0.03944476821152021,6mâ†’7m,A
all_ap_exp,7m,9m,WT,0.10453753532332022,7mâ†’9m,A
all_ap_exp,7m,9m,KO,0.007017009583926204,7mâ†’9m,A
all_ap_exp,9m,12m,WT,-0.4224181303305478,9mâ†’12m,A
all_ap_exp,9m,12m,KO,-0.14224944679170515,9mâ†’12m,A
all_total_var,3m,4m,WT,0.33848866161275204,3mâ†’4m,A
all_total_var,3m,4m,KO,0.3337757050306511,3mâ†’4m,A
all_total_var,4m,6m,WT,0.3155975526296425,4mâ†’6m,A
all_total_var,4m,6m,KO,0.5044682265017482,4mâ†’6m,A
all_total_var,6m,7m,WT,-0.6965460573102364,6mâ†’7m,A
all_total_var,6m,7m,KO,-0.8288643190816459,6mâ†’7m,A
all_total_var,7m,9m,WT,-0.1779545054169441,7mâ†’9m,A
all_total_var,7m,9m,KO,-0.6375518426919816,7mâ†’9m,A
all_total_var,9m,12m,WT,0.8549682385531403,9mâ†’12m,A
all_total_var,9m,12m,KO,0.17582771090566088,9mâ†’12m,A
all_rms,3m,4m,WT,0.25073594020239287,3mâ†’4m,A
all_rms,3m,4m,KO,0.16099228203319565,3mâ†’4m,A
all_rms,4m,6m,WT,0.07674752743360122,4mâ†’6m,A
all_rms,4m,6m,KO,0.1428311615596527,4mâ†’6m,A
all_rms,6m,7m,WT,-0.3318698743362168,6mâ†’7m,A
all_rms,6m,7m,KO,-0.3010769628219735,6mâ†’7m,A
all_rms,7m,9m,WT,-0.07627497580572129,7mâ†’9m,A
all_rms,7m,9m,KO,-0.17545397727151946,7mâ†’9m,A
all_rms,9m,12m,WT,0.4439224269525106,9mâ†’12m,A
all_rms,9m,12m,KO,0.19076698593147676,9mâ†’12m,A
all_p2p,3m,4m,WT,-0.09657999298052974,3mâ†’4m,A
all_p2p,3m,4m,KO,0.32229876713112704,3mâ†’4m,A
all_p2p,4m,6m,WT,0.20765906028619263,4mâ†’6m,A
all_p2p,4m,6m,KO,0.10966776581306845,4mâ†’6m,A
all_p2p,6m,7m,WT,-0.47696577303465554,6mâ†’7m,A
all_p2p,6m,7m,KO,-0.6512112206133472,6mâ†’7m,A
all_p2p,7m,9m,WT,-0.3037441856892176,7mâ†’9m,A
all_p2p,7m,9m,KO,-0.7318656353317919,7mâ†’9m,A
all_p2p,9m,12m,WT,1.6564367799349882,9mâ†’12m,A
all_p2p,9m,12m,KO,0.618719594117096,9mâ†’12m,A
all_zcr,3m,4m,WT,0.05257482091059827,3mâ†’4m,A
all_zcr,3m,4m,KO,0.01665389700160232,3mâ†’4m,A
all_zcr,4m,6m,WT,-0.056229499520098376,4mâ†’6m,A
all_zcr,4m,6m,KO,-0.013194638071344012,4mâ†’6m,A
all_zcr,6m,7m,WT,0.004893060419029431,6mâ†’7m,A
all_zcr,6m,7m,KO,0.043011983281921816,6mâ†’7m,A
all_zcr,7m,9m,WT,-0.0025386186955371633,7mâ†’9m,A
all_zcr,7m,9m,KO,-0.062209844500543385,7mâ†’9m,A
all_zcr,9m,12m,WT,0.03975518294741927,9mâ†’12m,A
all_zcr,9m,12m,KO,0.02786017837279773,9mâ†’12m,A
all_coeff_var,3m,4m,WT,53.54329239339223,3mâ†’4m,A
all_coeff_var,3m,4m,KO,67.46660317920453,3mâ†’4m,A
all_coeff_var,4m,6m,WT,-60.365174352593556,4mâ†’6m,A
all_coeff_var,4m,6m,KO,-77.90158137348305,4mâ†’6m,A
all_coeff_var,6m,7m,WT,29.839078557238473,6mâ†’7m,A
all_coeff_var,6m,7m,KO,12.399163901334278,6mâ†’7m,A
all_coeff_var,7m,9m,WT,40.37378365607299,7mâ†’9m,A
all_coeff_var,7m,9m,KO,3.3600057124068776,7mâ†’9m,A
all_coeff_var,9m,12m,WT,32.51486085941334,9mâ†’12m,A
all_coeff_var,9m,12m,KO,133.72896209328513,9mâ†’12m,A
all_hjorth_mob,3m,4m,WT,0.12970079194888798,3mâ†’4m,A
all_hjorth_mob,3m,4m,KO,0.05527530959604035,3mâ†’4m,A
all_hjorth_mob,4m,6m,WT,-0.1383293459328102,4mâ†’6m,A
all_hjorth_mob,4m,6m,KO,-0.03429052416855276,4mâ†’6m,A
all_hjorth_mob,6m,7m,WT,0.013210461769603683,6mâ†’7m,A
all_hjorth_mob,6m,7m,KO,0.11456816846685354,6mâ†’7m,A
all_hjorth_mob,7m,9m,WT,-0.019329286107648693,7mâ†’9m,A
all_hjorth_mob,7m,9m,KO,-0.17923135026593612,7mâ†’9m,A
all_hjorth_mob,9m,12m,WT,0.12620288031795776,9mâ†’12m,A
all_hjorth_mob,9m,12m,KO,0.08691401479698893,9mâ†’12m,A
all_hjorth_comp,3m,4m,WT,0.4525044430133871,3mâ†’4m,A
all_hjorth_comp,3m,4m,KO,-0.3083298916507933,3mâ†’4m,A
all_hjorth_comp,4m,6m,WT,0.16597555901640237,4mâ†’6m,A
all_hjorth_comp,4m,6m,KO,1.181369266664813,4mâ†’6m,A
all_hjorth_comp,6m,7m,WT,-0.39514542823714305,6mâ†’7m,A
all_hjorth_comp,6m,7m,KO,-0.8946700992243047,6mâ†’7m,A
all_hjorth_comp,7m,9m,WT,-0.5931632033563586,7mâ†’9m,A
all_hjorth_comp,7m,9m,KO,0.5282706665400434,7mâ†’9m,A
all_hjorth_comp,9m,12m,WT,-1.534924044654731,9mâ†’12m,A
all_hjorth_comp,9m,12m,KO,-0.5233859262097506,9mâ†’12m,A
all_lzc,3m,4m,WT,0.0001581717959607109,3mâ†’4m,A
all_lzc,3m,4m,KO,-0.00032907454372119605,3mâ†’4m,A
all_lzc,4m,6m,WT,0.00013391713608370496,4mâ†’6m,A
all_lzc,4m,6m,KO,0.00044473311653507396,4mâ†’6m,A
all_lzc,6m,7m,WT,-0.00018812728209187564,6mâ†’7m,A
all_lzc,6m,7m,KO,0.00015292283473154986,6mâ†’7m,A
all_lzc,7m,9m,WT,9.148529499992952e-06,7mâ†’9m,A
all_lzc,7m,9m,KO,-0.00046547467840634543,7mâ†’9m,A
all_lzc,9m,12m,WT,-0.0009922298275266601,9mâ†’12m,A
all_lzc,9m,12m,KO,-0.00037700520514338635,9mâ†’12m,A
rem_bp_delta,3m,4m,WT,,3mâ†’4m,A
rem_bp_delta,3m,4m,KO,,3mâ†’4m,A
rem_bp_delta,4m,6m,WT,,4mâ†’6m,A
rem_bp_delta,4m,6m,KO,,4mâ†’6m,A
rem_bp_delta,6m,7m,WT,,6mâ†’7m,A
rem_bp_delta,6m,7m,KO,,6mâ†’7m,A
rem_bp_delta,7m,9m,WT,,7mâ†’9m,A
rem_bp_delta,7m,9m,KO,,7mâ†’9m,A
rem_bp_delta,9m,12m,WT,,9mâ†’12m,A
rem_bp_delta,9m,12m,KO,,9mâ†’12m,A
rem_bp_theta,3m,4m,WT,,3mâ†’4m,A
rem_bp_theta,3m,4m,KO,,3mâ†’4m,A
rem_bp_theta,4m,6m,WT,,4mâ†’6m,A
rem_bp_theta,4m,6m,KO,,4mâ†’6m,A
rem_bp_theta,6m,7m,WT,,6mâ†’7m,A
rem_bp_theta,6m,7m,KO,,6mâ†’7m,A
rem_bp_theta,7m,9m,WT,,7mâ†’9m,A
rem_bp_theta,7m,9m,KO,,7mâ†’9m,A
rem_bp_theta,9m,12m,WT,,9mâ†’12m,A
rem_bp_theta,9m,12m,KO,,9mâ†’12m,A
rem_bp_alpha,3m,4m,WT,,3mâ†’4m,A
rem_bp_alpha,3m,4m,KO,,3mâ†’4m,A
rem_bp_alpha,4m,6m,WT,,4mâ†’6m,A
rem_bp_alpha,4m,6m,KO,,4mâ†’6m,A
rem_bp_alpha,6m,7m,WT,,6mâ†’7m,A
rem_bp_alpha,6m,7m,KO,,6mâ†’7m,A
rem_bp_alpha,7m,9m,WT,,7mâ†’9m,A
rem_bp_alpha,7m,9m,KO,,7mâ†’9m,A
rem_bp_alpha,9m,12m,WT,,9mâ†’12m,A
rem_bp_alpha,9m,12m,KO,,9mâ†’12m,A
rem_bp_beta,3m,4m,WT,,3mâ†’4m,A
rem_bp_beta,3m,4m,KO,,3mâ†’4m,A
rem_bp_beta,4m,6m,WT,,4mâ†’6m,A
rem_bp_beta,4m,6m,KO,,4mâ†’6m,A
rem_bp_beta,6m,7m,WT,,6mâ†’7m,A
rem_bp_beta,6m,7m,KO,,6mâ†’7m,A
rem_bp_beta,7m,9m,WT,,7mâ†’9m,A
rem_bp_beta,7m,9m,KO,,7mâ†’9m,A
rem_bp_beta,9m,12m,WT,,9mâ†’12m,A
rem_bp_beta,9m,12m,KO,,9mâ†’12m,A
rem_bp_gamma,3m,4m,WT,,3mâ†’4m,A
rem_bp_gamma,3m,4m,KO,,3mâ†’4m,A
rem_bp_gamma,4m,6m,WT,,4mâ†’6m,A
rem_bp_gamma,4m,6m,KO,,4mâ†’6m,A
rem_bp_gamma,6m,7m,WT,,6mâ†’7m,A
rem_bp_gamma,6m,7m,KO,,6mâ†’7m,A
rem_bp_gamma,7m,9m,WT,,7mâ†’9m,A
rem_bp_gamma,7m,9m,KO,,7mâ†’9m,A
rem_bp_gamma,9m,12m,WT,,9mâ†’12m,A
rem_bp_gamma,9m,12m,KO,,9mâ†’12m,A
rem_rbp_delta,3m,4m,WT,,3mâ†’4m,A
rem_rbp_delta,3m,4m,KO,,3mâ†’4m,A
rem_rbp_delta,4m,6m,WT,,4mâ†’6m,A
rem_rbp_delta,4m,6m,KO,,4mâ†’6m,A
rem_rbp_delta,6m,7m,WT,,6mâ†’7m,A
rem_rbp_delta,6m,7m,KO,,6mâ†’7m,A
rem_rbp_delta,7m,9m,WT,,7mâ†’9m,A
rem_rbp_delta,7m,9m,KO,,7mâ†’9m,A
rem_rbp_delta,9m,12m,WT,,9mâ†’12m,A
rem_rbp_delta,9m,12m,KO,,9mâ†’12m,A
rem_rbp_theta,3m,4m,WT,,3mâ†’4m,A
rem_rbp_theta,3m,4m,KO,,3mâ†’4m,A
rem_rbp_theta,4m,6m,WT,,4mâ†’6m,A
rem_rbp_theta,4m,6m,KO,,4mâ†’6m,A
rem_rbp_theta,6m,7m,WT,,6mâ†’7m,A
rem_rbp_theta,6m,7m,KO,,6mâ†’7m,A
rem_rbp_theta,7m,9m,WT,,7mâ†’9m,A
rem_rbp_theta,7m,9m,KO,,7mâ†’9m,A
rem_rbp_theta,9m,12m,WT,,9mâ†’12m,A
rem_rbp_theta,9m,12m,KO,,9mâ†’12m,A
rem_rbp_alpha,3m,4m,WT,,3mâ†’4m,A
rem_rbp_alpha,3m,4m,KO,,3mâ†’4m,A
rem_rbp_alpha,4m,6m,WT,,4mâ†’6m,A
rem_rbp_alpha,4m,6m,KO,,4mâ†’6m,A
rem_rbp_alpha,6m,7m,WT,,6mâ†’7m,A
rem_rbp_alpha,6m,7m,KO,,6mâ†’7m,A
rem_rbp_alpha,7m,9m,WT,,7mâ†’9m,A
rem_rbp_alpha,7m,9m,KO,,7mâ†’9m,A
rem_rbp_alpha,9m,12m,WT,,9mâ†’12m,A
rem_rbp_alpha,9m,12m,KO,,9mâ†’12m,A
rem_rbp_beta,3m,4m,WT,,3mâ†’4m,A
rem_rbp_beta,3m,4m,KO,,3mâ†’4m,A
rem_rbp_beta,4m,6m,WT,,4mâ†’6m,A
rem_rbp_beta,4m,6m,KO,,4mâ†’6m,A
rem_rbp_beta,6m,7m,WT,,6mâ†’7m,A
rem_rbp_beta,6m,7m,KO,,6mâ†’7m,A
rem_rbp_beta,7m,9m,WT,,7mâ†’9m,A
rem_rbp_beta,7m,9m,KO,,7mâ†’9m,A
rem_rbp_beta,9m,12m,WT,,9mâ†’12m,A
rem_rbp_beta,9m,12m,KO,,9mâ†’12m,A
rem_rbp_gamma,3m,4m,WT,,3mâ†’4m,A
rem_rbp_gamma,3m,4m,KO,,3mâ†’4m,A
rem_rbp_gamma,4m,6m,WT,,4mâ†’6m,A
rem_rbp_gamma,4m,6m,KO,,4mâ†’6m,A
rem_rbp_gamma,6m,7m,WT,,6mâ†’7m,A
rem_rbp_gamma,6m,7m,KO,,6mâ†’7m,A
rem_rbp_gamma,7m,9m,WT,,7mâ†’9m,A
rem_rbp_gamma,7m,9m,KO,,7mâ†’9m,A
rem_rbp_gamma,9m,12m,WT,,9mâ†’12m,A
rem_rbp_gamma,9m,12m,KO,,9mâ†’12m,A
rem_td_ratio,3m,4m,WT,,3mâ†’4m,A
rem_td_ratio,3m,4m,KO,,3mâ†’4m,A
rem_td_ratio,4m,6m,WT,,4mâ†’6m,A
rem_td_ratio,4m,6m,KO,,4mâ†’6m,A
rem_td_ratio,6m,7m,WT,,6mâ†’7m,A
rem_td_ratio,6m,7m,KO,,6mâ†’7m,A
rem_td_ratio,7m,9m,WT,,7mâ†’9m,A
rem_td_ratio,7m,9m,KO,,7mâ†’9m,A
rem_td_ratio,9m,12m,WT,,9mâ†’12m,A
rem_td_ratio,9m,12m,KO,,9mâ†’12m,A
rem_theta_alpha,3m,4m,WT,,3mâ†’4m,A
rem_theta_alpha,3m,4m,KO,,3mâ†’4m,A
rem_theta_alpha,4m,6m,WT,,4mâ†’6m,A
rem_theta_alpha,4m,6m,KO,,4mâ†’6m,A
rem_theta_alpha,6m,7m,WT,,6mâ†’7m,A
rem_theta_alpha,6m,7m,KO,,6mâ†’7m,A
rem_theta_alpha,7m,9m,WT,,7mâ†’9m,A
rem_theta_alpha,7m,9m,KO,,7mâ†’9m,A
rem_theta_alpha,9m,12m,WT,,9mâ†’12m,A
rem_theta_alpha,9m,12m,KO,,9mâ†’12m,A
rem_theta_beta,3m,4m,WT,,3mâ†’4m,A
rem_theta_beta,3m,4m,KO,,3mâ†’4m,A
rem_theta_beta,4m,6m,WT,,4mâ†’6m,A
rem_theta_beta,4m,6m,KO,,4mâ†’6m,A
rem_theta_beta,6m,7m,WT,,6mâ†’7m,A
rem_theta_beta,6m,7m,KO,,6mâ†’7m,A
rem_theta_beta,7m,9m,WT,,7mâ†’9m,A
rem_theta_beta,7m,9m,KO,,7mâ†’9m,A
rem_theta_beta,9m,12m,WT,,9mâ†’12m,A
rem_theta_beta,9m,12m,KO,,9mâ†’12m,A
rem_slow_fast,3m,4m,WT,,3mâ†’4m,A
rem_slow_fast,3m,4m,KO,,3mâ†’4m,A
rem_slow_fast,4m,6m,WT,,4mâ†’6m,A
rem_slow_fast,4m,6m,KO,,4mâ†’6m,A
rem_slow_fast,6m,7m,WT,,6mâ†’7m,A
rem_slow_fast,6m,7m,KO,,6mâ†’7m,A
rem_slow_fast,7m,9m,WT,,7mâ†’9m,A
rem_slow_fast,7m,9m,KO,,7mâ†’9m,A
rem_slow_fast,9m,12m,WT,,9mâ†’12m,A
rem_slow_fast,9m,12m,KO,,9mâ†’12m,A
rem_high_freq_idx,3m,4m,WT,,3mâ†’4m,A
rem_high_freq_idx,3m,4m,KO,,3mâ†’4m,A
rem_high_freq_idx,4m,6m,WT,,4mâ†’6m,A
rem_high_freq_idx,4m,6m,KO,,4mâ†’6m,A
rem_high_freq_idx,6m,7m,WT,,6mâ†’7m,A
rem_high_freq_idx,6m,7m,KO,,6mâ†’7m,A
rem_high_freq_idx,7m,9m,WT,,7mâ†’9m,A
rem_high_freq_idx,7m,9m,KO,,7mâ†’9m,A
rem_high_freq_idx,9m,12m,WT,,9mâ†’12m,A
rem_high_freq_idx,9m,12m,KO,,9mâ†’12m,A
rem_spectral_entropy,3m,4m,WT,,3mâ†’4m,A
rem_spectral_entropy,3m,4m,KO,,3mâ†’4m,A
rem_spectral_entropy,4m,6m,WT,,4mâ†’6m,A
rem_spectral_entropy,4m,6m,KO,,4mâ†’6m,A
rem_spectral_entropy,6m,7m,WT,,6mâ†’7m,A
rem_spectral_entropy,6m,7m,KO,,6mâ†’7m,A
rem_spectral_entropy,7m,9m,WT,,7mâ†’9m,A
rem_spectral_entropy,7m,9m,KO,,7mâ†’9m,A
rem_spectral_entropy,9m,12m,WT,,9mâ†’12m,A
rem_spectral_entropy,9m,12m,KO,,9mâ†’12m,A
rem_ap_exp,3m,4m,WT,,3mâ†’4m,A
rem_ap_exp,3m,4m,KO,,3mâ†’4m,A
rem_ap_exp,4m,6m,WT,,4mâ†’6m,A
rem_ap_exp,4m,6m,KO,,4mâ†’6m,A
rem_ap_exp,6m,7m,WT,,6mâ†’7m,A
rem_ap_exp,6m,7m,KO,,6mâ†’7m,A
rem_ap_exp,7m,9m,WT,,7mâ†’9m,A
rem_ap_exp,7m,9m,KO,,7mâ†’9m,A
rem_ap_exp,9m,12m,WT,,9mâ†’12m,A
rem_ap_exp,9m,12m,KO,,9mâ†’12m,A
rem_total_var,3m,4m,WT,,3mâ†’4m,A
rem_total_var,3m,4m,KO,,3mâ†’4m,A
rem_total_var,4m,6m,WT,,4mâ†’6m,A
rem_total_var,4m,6m,KO,,4mâ†’6m,A
rem_total_var,6m,7m,WT,,6mâ†’7m,A
rem_total_var,6m,7m,KO,,6mâ†’7m,A
rem_total_var,7m,9m,WT,,7mâ†’9m,A
rem_total_var,7m,9m,KO,,7mâ†’9m,A
rem_total_var,9m,12m,WT,,9mâ†’12m,A
rem_total_var,9m,12m,KO,,9mâ†’12m,A
rem_rms,3m,4m,WT,,3mâ†’4m,A
rem_rms,3m,4m,KO,,3mâ†’4m,A
rem_rms,4m,6m,WT,,4mâ†’6m,A
rem_rms,4m,6m,KO,,4mâ†’6m,A
rem_rms,6m,7m,WT,,6mâ†’7m,A
rem_rms,6m,7m,KO,,6mâ†’7m,A
rem_rms,7m,9m,WT,,7mâ†’9m,A
rem_rms,7m,9m,KO,,7mâ†’9m,A
rem_rms,9m,12m,WT,,9mâ†’12m,A
rem_rms,9m,12m,KO,,9mâ†’12m,A
rem_p2p,3m,4m,WT,,3mâ†’4m,A
rem_p2p,3m,4m,KO,,3mâ†’4m,A
rem_p2p,4m,6m,WT,,4mâ†’6m,A
rem_p2p,4m,6m,KO,,4mâ†’6m,A
rem_p2p,6m,7m,WT,,6mâ†’7m,A
rem_p2p,6m,7m,KO,,6mâ†’7m,A
rem_p2p,7m,9m,WT,,7mâ†’9m,A
rem_p2p,7m,9m,KO,,7mâ†’9m,A
rem_p2p,9m,12m,WT,,9mâ†’12m,A
rem_p2p,9m,12m,KO,,9mâ†’12m,A
rem_zcr,3m,4m,WT,,3mâ†’4m,A
rem_zcr,3m,4m,KO,,3mâ†’4m,A
rem_zcr,4m,6m,WT,,4mâ†’6m,A
rem_zcr,4m,6m,KO,,4mâ†’6m,A
rem_zcr,6m,7m,WT,,6mâ†’7m,A
rem_zcr,6m,7m,KO,,6mâ†’7m,A
rem_zcr,7m,9m,WT,,7mâ†’9m,A
rem_zcr,7m,9m,KO,,7mâ†’9m,A
rem_zcr,9m,12m,WT,,9mâ†’12m,A
rem_zcr,9m,12m,KO,,9mâ†’12m,A
rem_coeff_var,3m,4m,WT,,3mâ†’4m,A
rem_coeff_var,3m,4m,KO,,3mâ†’4m,A
rem_coeff_var,4m,6m,WT,,4mâ†’6m,A
rem_coeff_var,4m,6m,KO,,4mâ†’6m,A
rem_coeff_var,6m,7m,WT,,6mâ†’7m,A
rem_coeff_var,6m,7m,KO,,6mâ†’7m,A
rem_coeff_var,7m,9m,WT,,7mâ†’9m,A
rem_coeff_var,7m,9m,KO,,7mâ†’9m,A
rem_coeff_var,9m,12m,WT,,9mâ†’12m,A
rem_coeff_var,9m,12m,KO,,9mâ†’12m,A
rem_hjorth_mob,3m,4m,WT,,3mâ†’4m,A
rem_hjorth_mob,3m,4m,KO,,3mâ†’4m,A
rem_hjorth_mob,4m,6m,WT,,4mâ†’6m,A
rem_hjorth_mob,4m,6m,KO,,4mâ†’6m,A
rem_hjorth_mob,6m,7m,WT,,6mâ†’7m,A
rem_hjorth_mob,6m,7m,KO,,6mâ†’7m,A
rem_hjorth_mob,7m,9m,WT,,7mâ†’9m,A
rem_hjorth_mob,7m,9m,KO,,7mâ†’9m,A
rem_hjorth_mob,9m,12m,WT,,9mâ†’12m,A
rem_hjorth_mob,9m,12m,KO,,9mâ†’12m,A
rem_hjorth_comp,3m,4m,WT,,3mâ†’4m,A
rem_hjorth_comp,3m,4m,KO,,3mâ†’4m,A
rem_hjorth_comp,4m,6m,WT,,4mâ†’6m,A
rem_hjorth_comp,4m,6m,KO,,4mâ†’6m,A
rem_hjorth_comp,6m,7m,WT,,6mâ†’7m,A
rem_hjorth_comp,6m,7m,KO,,6mâ†’7m,A
rem_hjorth_comp,7m,9m,WT,,7mâ†’9m,A
rem_hjorth_comp,7m,9m,KO,,7mâ†’9m,A
rem_hjorth_comp,9m,12m,WT,,9mâ†’12m,A
rem_hjorth_comp,9m,12m,KO,,9mâ†’12m,A
rem_lzc,3m,4m,WT,,3mâ†’4m,A
rem_lzc,3m,4m,KO,,3mâ†’4m,A
rem_lzc,4m,6m,WT,,4mâ†’6m,A
rem_lzc,4m,6m,KO,,4mâ†’6m,A
rem_lzc,6m,7m,WT,,6mâ†’7m,A
rem_lzc,6m,7m,KO,,6mâ†’7m,A
rem_lzc,7m,9m,WT,,7mâ†’9m,A
rem_lzc,7m,9m,KO,,7mâ†’9m,A
rem_lzc,9m,12m,WT,,9mâ†’12m,A
rem_lzc,9m,12m,KO,,9mâ†’12m,A
